Primer	Sequence	Pool
JEV_1F	TTAGTATTGTTGAGGAGAATCGAGAGA	1
JEV_1R	TGTTCCTCCATTTCCTCCTCTTT	1
JEV_3F	TGGCAATGACCCAGAGGATGT	1
JEV_3R	CTCCTTCTAGCACCAAGTCCAC	1
JEV_5F	GGATGTGGACTTTTTGGAAAAGGA	1
JEV_5R	TCTCTGTTTCTCCATGCAGTGT	1
JEV_7F	GTTTGCAAAGAATCCAGCGGAC	1
JEV_7R	GAACGGCCTTCCCAATGGAA	1
JEV_9F	CATCTTTGTGCACAACGACGTG	1
JEV_9R	TTGCATGCTATTCCAGGCTCTG	1
JEV_11F	CAGAAACACACACTCTCTGGGG	1
JEV_11R	GGGTCAATCATCTCACCACTGA	1
JEV_13F	CAAAATTCAGCCGGCATTCCTG	1
JEV_13R	TGTGGTAGGTGAAAACCAACCA	1
JEV_15F	GATATCAGCTGGGAGATGGACG	1
JEV_15R	CACTCATTATTGCGGCCCCT	1
JEV_17F	TGGCTCACCCATCCTGGATT	1
JEV_17R	CATCAGTCTGTGGGTCAAGGTG	1
JEV_19F	AATGGATCACAGAGTACGCAGG	1
JEV_19R	TGCTATCATCTTCACTGGTGGC	1
JEV_21F	GACAGAAAGTGGTGCTTTGACG	1
JEV_21R	CGTTGCATCATGAGCAGAAAGA	1
JEV_23F	CAGCGAATGAGTACGGGATGTT	1
JEV_23R	CTTAGTGCCTCAGCTTGCCATC	1
JEV_25F	ACCCTATGGGATAATGGAGCCA	1
JEV_25R	TCCACGTCCACATCCTAGGT	1
JEV_27F	GAAGAACAACGAACCCTGCGAG	1
JEV_27R	ATGTCGTGGCGAATTCCTCTTT	1
JEV_29F	AAGGAAGTGCTCAACGAAACCA	1
JEV_29R	ACCTGAGTTCCTCCGGCTTA	1
JEV_31F	AAAGTCATGAGGCCCTCGACAG	1
JEV_31R	CCTGGAAATGGTTAGAGCAAAAAGG	1
JEV_33F	CCACAGGCAGAACATCTTGGTC	1
JEV_33R	TGGCCTGACTCCATATGTACAC	1
JEV_2F	TAGCTTCAAACGGGAACTTGGG	2
JEV_2R	GAGTGTCTGGTTCTTGTGCACC	2
JEV_4F	TCCGGCATACAGTTTCAATTGC	2
JEV_4R	TTTCTGGCTGAATCGTCTTCCC	2
JEV_6F	TGGGCTCAAAGTCATTCTTGGT	2
JEV_6R	GGCCACTGAGACAATTGGGATT	2
JEV_8F	GATTGGCAGCGTTGGGAGATAC	2
JEV_8R	GCGCTTTGTGGACAATTTTTGC	2
JEV_10F	TTTTTGCTCCAGAGTTGGCCAA	2
JEV_10R	CCTGTTGTGTTTGCTTTTGGGT	2
JEV_12F	GCTGCTGGTATGGAATGGAAGT	2
JEV_12R	TGCTCCGAGAACCAGAACTACA	2
JEV_14F	CTGTTGCAGGAGAGAAGGAGGA	2
JEV_14R	GAAGTCTCCATCATCGTCCAGC	2
JEV_16F	AAGCCGGTGTTGGAGTCATGTA	2
JEV_16R	CACGATGGCGCTGACATATGA	2
JEV_18F	CAAACTTCAGCAGTGCAAAGGG	2
JEV_18R	CTCTCTGGAGGCAAACAGCAAT	2
JEV_20F	GAGAGGTAGGGTGGGTAGGAAT	2
JEV_20R	TCCTCTCACCCATTCTTGTGAC	2
JEV_22F	TACCAGACGCATTGGAGACCAT	2
JEV_22R	AGGCAGTCCAGTCATTCCTGA	2
JEV_24F	ATCACTCTCACGACCTTCCTGA	2
JEV_24R	CCAGCCAAGTAACTGCCTCTCA	2
JEV_26F	GTTTCGCGAGGTTCAGCAAAAC	2
JEV_26R	CATGTAAGGGCAGAGCACCTTT	2
JEV_28F	TAGGGAAGGGAGAAGTCCACAG	2
JEV_28R	AACTCTTCCTTCGTGCACAAGC	2
JEV_30F	TTTGGTTCATGTGGCTAGGAGC	2
JEV_30R	AGAGCATAGGTGACCACTTGC	2
JEV_32F	CGAAGGTCAGGAAAGACATCCA	2
JEV_32R	CTCTGTTCCAAACCTGCAGCAT	2
JEV_34F	ACGAGGATGTCTTGATCCAGGA	2
JEV_34R	AGTCCTTACATCTCGTCCATTGC	2